slock-nihal,6.2 1,git://git.nihaljere.xyz/kiss-nihal,slock-nihal,master,"Nihal Jere"," "
git,symlink,git://git.nihaljere.xyz/kiss-nihal,git,master,"unknown"," "
dwl,git 2,git://git.nihaljere.xyz/kiss-nihal,dwl,master,"Nihal Jere"," "
nanomsg,1.1.5 1,git://git.nihaljere.xyz/kiss-nihal,nanomsg,master,"Nihal Jere"," "
monaco-ttf,1.0 1,git://git.nihaljere.xyz/kiss-nihal,monaco-ttf,master,"Nihal Jere"," "
bsdfmt,1 1,git://git.nihaljere.xyz/kiss-nihal,bsdfmt,master,"Nihal Jere"," "
sfeed,1.1 1,git://git.nihaljere.xyz/kiss-nihal,sfeed,master,"Nihal Jere"," "
cabal-install-bin,3.2.0.0 1,git://git.nihaljere.xyz/kiss-nihal,cabal-install-bin,master,"Nihal Jere"," "
mutt,2.0.5 1,git://git.nihaljere.xyz/kiss-nihal,mutt,master,"Nihal Jere"," "
pciutils,3.7.0 1 ,git://git.nihaljere.xyz/kiss-nihal,pciutils,master,"Nihal Jere"," "
dtc,1.6.1 1,git://git.nihaljere.xyz/kiss-nihal,dtc,master,"Nihal Jere"," "
libtls-bearssl,git 1,git://git.nihaljere.xyz/kiss-nihal,libtls-bearssl,master,"Nihal Jere"," "
smu,1.5 1,git://git.nihaljere.xyz/kiss-nihal,smu,master,"Nihal Jere"," "
velox,git 1,git://git.nihaljere.xyz/kiss-nihal,velox,master,"Nihal Jere"," "
swc,git 1,git://git.nihaljere.xyz/kiss-nihal,swc,master,"Nihal Jere"," "
mpop,1.4.13 2,git://git.nihaljere.xyz/kiss-nihal,mpop,master,"Nihal Jere"," "
gtest,1.10.0 1,git://git.nihaljere.xyz/kiss-nihal,gtest,master,"Nihal Jere"," "
doxygen,1.8.20 1,git://git.nihaljere.xyz/kiss-nihal,doxygen,master,"Nihal Jere"," "
android-tools,29.0.6 1,git://git.nihaljere.xyz/kiss-nihal,android-tools,master,"Nihal Jere"," "
bearssl,0.6 1,git://git.nihaljere.xyz/kiss-nihal,bearssl,master,"Nihal Jere"," "
ffmpeg,symlink,git://git.nihaljere.xyz/kiss-nihal,ffmpeg,master,"unknown"," "
units,2.21 1,git://git.nihaljere.xyz/kiss-nihal,units,master,"Nihal Jere"," "
brotli,1.0.9 1,git://git.nihaljere.xyz/kiss-nihal,brotli,master,"Nihal Jere"," "
swig,4.0.2 1,git://git.nihaljere.xyz/kiss-nihal,swig,master,"Nihal Jere"," "
wayland,1.19.0 1,git://git.nihaljere.xyz/kiss-nihal,wayland,master,"Nihal Jere"," "
curl,symlink,git://git.nihaljere.xyz/kiss-nihal,curl,master,"unknown"," "
firmware,1 1,git://git.nihaljere.xyz/kiss-nihal,firmware,master,"Nihal Jere"," "
wld,git 1,git://git.nihaljere.xyz/kiss-nihal,wld,master,"Nihal Jere"," "
st-nihal,6.2 1,git://git.nihaljere.xyz/kiss-nihal,st-nihal,master,"Nihal Jere"," "
protobuf,3.14.0 1,git://git.nihaljere.xyz/kiss-nihal,protobuf,master,"Nihal Jere"," "
ntfs-3g,symlink,git://git.nihaljere.xyz/kiss-nihal,ntfs-3g,master,"unknown"," "
librewolf,88.0-1 1,git://git.nihaljere.xyz/kiss-nihal,librewolf,master,"Nihal Jere"," "
imv,4.3.0 1,git://git.nihaljere.xyz/kiss-nihal,imv,master,"Nihal Jere"," "
bri,20180907 1,git://git.nihaljere.xyz/kiss-nihal,bri,master,"Nihal Jere"," "
dmenu-nihal,6.2 1,git://git.nihaljere.xyz/kiss-nihal,dmenu-nihal,master,"Nihal Jere"," "
dwm-nihal,6.2 1,git://git.nihaljere.xyz/kiss-nihal,dwm-nihal,master,"Nihal Jere"," "
zathura-cb,0.1.8 1,git://git.nihaljere.xyz/kiss-nihal,zathura-cb,master,"Nihal Jere"," "
dwmblocks,0.1 1,git://git.nihaljere.xyz/kiss-nihal,dwmblocks,master,"Nihal Jere"," "
hosts-gen,git 1,git://git.nihaljere.xyz/kiss-nihal,hosts-gen,master,"Nihal Jere"," "
sdhcp,git 1,https://codeberg.org/luizbra/kiss-luizbra,extra/sdhcp,main,"luizbra"," "
file,5.40 1,https://codeberg.org/luizbra/kiss-luizbra,extra/file,main,"luizbra"," "
wget,1.21.2 1,https://codeberg.org/luizbra/kiss-luizbra,extra/wget,main,"luizbra"," "
spotifyd,0.3.2 1,https://codeberg.org/luizbra/kiss-luizbra,extra/spotifyd,main,"luizbra"," "
pash,git 1,https://codeberg.org/luizbra/kiss-luizbra,extra/pash,main,"luizbra"," "
imagemagick,7.1.0-8 1,https://codeberg.org/luizbra/kiss-luizbra,extra/imagemagick,main,"luizbra"," "
pfetch,0.6.0 1,https://codeberg.org/luizbra/kiss-luizbra,extra/pfetch,main,"luizbra"," "
feh,3.7.1 1,https://git.sr.ht/~gullik/ksrepo,feh,master,"Martin Gulliksson"," "
cppcheck,2.5 1,https://git.sr.ht/~gullik/ksrepo,cppcheck,master,"Martin Gulliksson"," "
git,symlink,https://git.sr.ht/~gullik/ksrepo,git,master,"unknown"," "
xf86-video-intel,symlink,https://git.sr.ht/~gullik/ksrepo,xf86-video-intel,master,"unknown"," "
browser,29.4.0.1 1,https://git.sr.ht/~gullik/ksrepo,browser,master,"Martin Gulliksson"," "
glfw,3.3.4 1,https://git.sr.ht/~gullik/ksrepo,glfw,master,"Martin Gulliksson"," "
ttf-droid-sans,20121017 1,https://git.sr.ht/~gullik/ksrepo,ttf-droid-sans,master,"Martin Gulliksson"," "
valgrind,3.16.1 1,https://git.sr.ht/~gullik/ksrepo,valgrind,master,"Martin Gulliksson"," "
xf86-input-wacom,0.40.0 1,https://git.sr.ht/~gullik/ksrepo,xf86-input-wacom,master,"Martin Gulliksson"," "
fzf,symlink,https://git.sr.ht/~gullik/ksrepo,fzf,master,"unknown"," "
ttf-fantasque-sans-mono,1.8.0 1,https://git.sr.ht/~gullik/ksrepo,ttf-fantasque-sans-mono,master,"Martin Gulliksson"," "
glew,2.2.0 1,https://git.sr.ht/~gullik/ksrepo,glew,master,"Martin Gulliksson"," "
fluidsynth,2.2.2 1,https://git.sr.ht/~gullik/ksrepo,fluidsynth,master,"Martin Gulliksson"," "
gwm,0.1.2 1,https://git.sr.ht/~gullik/ksrepo,gwm,master,"Martin Gulliksson"," "
godot-git,git 1,https://git.sr.ht/~gullik/ksrepo,godot-git,master,"Martin Gulliksson"," "
helm,0.9.0 1,https://git.sr.ht/~gullik/ksrepo,helm,master,"Martin Gulliksson"," "
git-crypt,0.6.0 1,https://git.sr.ht/~gullik/ksrepo,git-crypt,master,"Martin Gulliksson"," "
gnupg2,2.4.3 1,https://github.com/kiss-community/community,community/gnupg2,main,"phoebos"," "
rsync,3.2.7 1,https://github.com/kiss-community/community,community/rsync,main,"Owen Rafferty"," "
glorytun,0.3.4 1,https://github.com/kiss-community/community,community/glorytun,main,"Adrien Gallouët"," "
swaylock,1.7.2 1,https://github.com/kiss-community/community,community/swaylock,main,"git-bruh"," "
goimports,git 1,https://github.com/kiss-community/community,community/goimports,main,"Camille"," "
zathura-djvu,0.2.9 1,https://github.com/kiss-community/community,community/zathura-djvu,main,"ectlunya"," "
libisoburn,1.5.4 1,https://github.com/kiss-community/community,community/libisoburn,main,"git-bruh"," "
bottom,0.8.0 1,https://github.com/kiss-community/community,community/bottom,main,"jslick"," "
sccache,0.3.3 1,https://github.com/kiss-community/community,community/sccache,main,"jslick"," "
aria2,1.36.0 1,https://github.com/kiss-community/community,community/aria2,main,"Dilyn Corner"," "
popt,1.19 1 ,https://github.com/kiss-community/community,community/popt,main,"Cédric"," "
lcms,2.15 1,https://github.com/kiss-community/community,community/lcms,main,"Vouivre"," "
yambar,1.9.0 1,https://github.com/kiss-community/community,community/yambar,main,"Vasyl Zubko"," "
appstream,0.16.2 1,https://github.com/kiss-community/community,community/appstream,main,"git-bruh"," "
containerd,1.7.2 1,https://github.com/kiss-community/community,community/containerd,main,"git-bruh"," "
sed,4.8 1 ,https://github.com/kiss-community/community,community/sed,main,"mb"," "
zathura,0.5.2 1,https://github.com/kiss-community/community,community/zathura,main,"Vouivre"," "
nnn,4.7 1,https://github.com/kiss-community/community,community/nnn,main,"Aelspire"," "
pipewire,0.3.75+0.4.14 1,https://github.com/kiss-community/community,community/pipewire,main,"git-bruh"," "
libsixel,1.10.3 1,https://github.com/kiss-community/community,community/libsixel,main,"Wolf Gupta"," "
autoconf,2.71 1,https://github.com/kiss-community/community,community/autoconf,main,"Nihal"," "
crispy-doom,5.12.0 1,https://github.com/kiss-community/community,community/crispy-doom,main,"tslil clingman"," "
tcc,git 1 ,https://github.com/kiss-community/community,community/tcc,main,"Kyryl"," "
ghostscript,10.01.2 1 ,https://github.com/kiss-community/community,community/ghostscript,main,"Vouivre"," "
wf-recorder,460d454b1efd380a3f732f6fd70c7a5e265381f6 2,https://github.com/kiss-community/community,community/wf-recorder,main,"git-bruh"," "
kakoune,2023.08.05 1,https://github.com/kiss-community/community,community/kakoune,main,"git-bruh"," "
python-psutil,5.9.4 1,https://github.com/kiss-community/community,community/python-psutil,main,"Aelspire"," "
mblaze,1.2 1,https://github.com/kiss-community/community,community/mblaze,main,"aabacchus"," "
qrencode,4.1.1 1,https://github.com/kiss-community/community,community/qrencode,main,"Cédric"," "
libdb,5.3.28 1,https://github.com/kiss-community/community,community/libdb,main,"Zola"," "
gawk,5.2.2 1,https://github.com/kiss-community/community,community/gawk,main,"git-bruh"," "
shinit,1.0.0 1 ,https://github.com/kiss-community/community,community/shinit,main,"Dylan Araps"," "
aerc,0.14.0 1,https://github.com/kiss-community/community,community/aerc,main,"sewn"," "
transmission,3.00 1 ,https://github.com/kiss-community/community,community/transmission,main,"Camille"," "
tty-clock,2.3 1 ,https://github.com/kiss-community/community,community/tty-clock,main,"matthew w"," "
swaybg,1.2.0 1,https://github.com/kiss-community/community,community/swaybg,main,"git-bruh"," "
mtpaint,git 1 ,https://github.com/kiss-community/community,community/mtpaint,main,"Cédric"," "
ytfzf,2.6.0 1 ,https://github.com/kiss-community/community,community/ytfzf,main,"Vouivre"," "
age,1.1.1 1,https://github.com/kiss-community/community,community/age,main,"git-bruh"," "
lz4,1.9.4 1,https://github.com/kiss-community/community,community/lz4,main,"git-bruh"," "
wayvnc,0.6.2 1,https://github.com/kiss-community/community,community/wayvnc,main,"Rohan"," "
libzmq,4.3.4 1,https://github.com/kiss-community/community,community/libzmq,main,"Zola"," "
zathura-pdf-poppler,0.3.1 1,https://github.com/kiss-community/community,community/zathura-pdf-poppler,main,"Vouivre"," "
neomutt,20230517 1,https://github.com/kiss-community/community,community/neomutt,main,"phoebos"," "
msmtp,1.8.24 1,https://github.com/kiss-community/community,community/msmtp,main,"Vouivre"," "
mtools,4.0.43 1 ,https://github.com/kiss-community/community,community/mtools,main,"Vouivre"," "
nmap,7.94 1 ,https://github.com/kiss-community/community,community/nmap,main,"Vouivre"," "
girara,0.4.0 1 ,https://github.com/kiss-community/community,community/girara,main,"Vouivre"," "
tea,0.9.0 1,https://github.com/kiss-community/community,community/tea,main,"git-bruh"," "
cproc,git 1,https://github.com/kiss-community/community,community/cproc,main,"git-bruh"," "
scrcpy,2.1.1 1,https://github.com/kiss-community/community,community/scrcpy,main,"git-bruh"," "
gperf,3.1 1,https://github.com/kiss-community/community,community/gperf,main,"git-bruh"," "
iftop,1.0pre4 1,https://github.com/kiss-community/community,community/iftop,main,"wael"," "
vundle,0.10.2 2,https://github.com/kiss-community/community,community/vundle,main,"Arthur Williams"," "
hidapi,0.13.1 1,https://github.com/kiss-community/community,community/hidapi,main,"wael"," "
zip,3.0 2,https://github.com/kiss-community/community,community/zip,main,"git-bruh"," "
lynx,2.8.9rel.1 1 ,https://github.com/kiss-community/community,community/lynx,main,"fluorescent-haze"," "
pkcs11-helper,1.29.0 1 ,https://github.com/kiss-community/community,community/pkcs11-helper,main,"Daniel M. Matongo"," "
sdl,1.2.15 1 ,https://github.com/kiss-community/community,community/sdl,main,"Rio6"," "
tiv,1.1.0 1,https://github.com/kiss-community/community,community/tiv,main,"Michael Czigler"," "
pinentry,1.2.1 1,https://github.com/kiss-community/community,community/pinentry,main,"aabacchus"," "
gumbo-parser,0.10.1 1,https://github.com/kiss-community/community,community/gumbo-parser,main,"Nihal"," "
qbe,1.1 1,https://github.com/kiss-community/community,community/qbe,main,"git-bruh"," "
less,633 1,https://github.com/kiss-community/community,community/less,main,"git-bruh"," "
bc,1.07.1 1 ,https://github.com/kiss-community/community,community/bc,main,"hovercats"," "
yaml-cpp,0.7.0 1,https://github.com/kiss-community/community,community/yaml-cpp,main,"Mederim"," "
tdb,1.4.8 1,https://github.com/kiss-community/community,community/tdb,main,"Vouivre"," "
poppler,23.07.0 1,https://github.com/kiss-community/community,community/poppler,main,"Vouivre"," "
libconfig,1.7.3 1 ,https://github.com/kiss-community/community,community/libconfig,main,"git-bruh"," "
libgpg-error,1.47 1,https://github.com/kiss-community/community,community/libgpg-error,main,"git-bruh"," "
numactl,2.0.14 1,https://github.com/kiss-community/community,community/numactl,main,"Arthur Williams"," "
libpsl,0.21.2 1,https://github.com/kiss-community/community,community/libpsl,main,"hovercats"," "
swww,0.7.2 1,https://github.com/kiss-community/community,community/swww,main,"Rohan"," "
distrobox,1.5.0.2 1,https://github.com/kiss-community/community,community/distrobox,main,"git-bruh"," "
gphoto2,2.5.28 1 ,https://github.com/kiss-community/community,community/gphoto2,main,"Cédric"," "
swayidle,1.8.0 1,https://github.com/kiss-community/community,community/swayidle,main,"git-bruh"," "
lux,1.21 1,https://github.com/kiss-community/community,community/lux,main,"git-bruh"," "
libtermkey,0.22 2,https://github.com/kiss-community/community,community/libtermkey,main,"Dante Issaias"," "
docker-compose,2.20.2 1,https://github.com/kiss-community/community,community/docker-compose,main,"git-bruh"," "
birch,git 1 ,https://github.com/kiss-community/community,community/birch,main,"Dylan Araps"," "
libmupdf,1.22.2 1,https://github.com/kiss-community/community,community/libmupdf,main,"Owen Rafferty"," "
sfeed,1.8 1,https://github.com/kiss-community/community,community/sfeed,main,"Owen Rafferty"," "
cdrtools,3.01 1,https://github.com/kiss-community/community,community/cdrtools,main,"Zola"," "
yarn,1.22.19 1,https://github.com/kiss-community/community,community/yarn,main,"Daniel M. Matongo"," "
extra-cmake-modules,5.102.0 1,https://github.com/kiss-community/community,community/extra-cmake-modules,main,"davidgarland"," "
smu-karlb,git 1,https://github.com/kiss-community/community,community/smu-karlb,main,"wael"," "
fftw,3.3.10 1,https://github.com/kiss-community/community,community/fftw,main,"Mederim"," "
sdl2_image,2.6.2 1,https://github.com/kiss-community/community,community/sdl2_image,main,"tslil clingman"," "
terminus-font,4.49.1 2,https://github.com/kiss-community/community,community/terminus-font,main,"nvidiaLinuxUser"," "
boost,1.82.0 1,https://github.com/kiss-community/community,community/boost,main,"Owen Rafferty"," "
gpgme,1.21.0 1,https://github.com/kiss-community/community,community/gpgme,main,"git-bruh"," "
qt5-webchannel,5.15.8 2,https://github.com/kiss-community/community,community/qt5-webchannel,main,"davidgarland"," "
bemenu,0.6.15 1,https://github.com/kiss-community/community,community/bemenu,main,"git-bruh"," "
discount,3.0.0a 1,https://github.com/kiss-community/community,community/discount,main,"Vouivre"," "
qt5-wayland,5.15.8 2,https://github.com/kiss-community/community,community/qt5-wayland,main,"davidgarland"," "
imath,3.1.6 1,https://github.com/kiss-community/community,community/imath,main,"Rohan"," "
9base,git 1 ,https://github.com/kiss-community/community,community/9base,main,"Aaron G"," "
gt5,1.4.0 4,https://github.com/kiss-community/community,community/gt5,main,"TAAPArthur"," "
tig,2.5.8 1,https://github.com/kiss-community/community,community/tig,main,"jslick"," "
procps-ng,4.0.0 1,https://github.com/kiss-community/community,community/procps-ng,main,"wael"," "
groff,1.23.0 1,https://github.com/kiss-community/community,community/groff,main,"phoebos"," "
jo,1.6 1,https://github.com/kiss-community/community,community/jo,main,"Xiaodong Xu"," "
tokei,12.1.2 1,https://github.com/kiss-community/community,community/tokei,main,"dylanaraps"," "
zzz,1 1 ,https://github.com/kiss-community/community,community/zzz,main,"Dylan Araps"," "
optipng,0.7.7 1,https://github.com/kiss-community/community,community/optipng,main,"Camille"," "
fnf,0.1 1,https://github.com/kiss-community/community,community/fnf,main,"Vouivre"," "
autoconf-archive,2023.02.20 1,https://github.com/kiss-community/community,community/autoconf-archive,main,"jslick"," "
uthash,2.3.0 1,https://github.com/kiss-community/community,community/uthash,main,"git-bruh"," "
iproute2,6.4.0 1,https://github.com/kiss-community/community,community/iproute2,main,"git-bruh"," "
pounce,3.1 1,https://github.com/kiss-community/community,community/pounce,main,"phoebos"," "
mksh,59c 1 ,https://github.com/kiss-community/community,community/mksh,main,"magenbluten"," "
neofetch,7.1.0 1,https://github.com/kiss-community/community,community/neofetch,main,"Dylan Araps"," "
bit-bin,1.1.2 1,https://github.com/kiss-community/community,community/bit-bin,main,"Xiaodong Xu"," "
cups-filters,1.28.17 1 ,https://github.com/kiss-community/community,community/cups-filters,main,"Vouivre"," "
qt5,5.15.8 3,https://github.com/kiss-community/community,community/qt5,main,"davidgarland"," "
slang,2.3.2 1,https://github.com/kiss-community/community,community/slang,main,"AndreiSva"," "
noto-emoji,2.038 1,https://github.com/kiss-community/community,community/noto-emoji,main,"огромный"," "
oath-toolkit,2.6.7 2,https://github.com/kiss-community/community,community/oath-toolkit,main,"Zola"," "
libsamplerate,0.2.2 1,https://github.com/kiss-community/community,community/libsamplerate,main,"Zola"," "
nq,0.5 1 ,https://github.com/kiss-community/community,community/nq,main,"Cédric"," "
poppler-data,0.4.11 1,https://github.com/kiss-community/community,community/poppler-data,main,"Xiaodong Xu"," "
exa,0.10.1 2,https://github.com/kiss-community/community,community/exa,main,"Armaan Bhojwani"," "
runit,2.1.2 1,https://github.com/kiss-community/community,community/runit,main,"Dylan Araps"," "
keyutils,1.6.3 1,https://github.com/kiss-community/community,community/keyutils,main,"Dylan Araps"," "
darkhttpd,1.13 1,https://github.com/kiss-community/community,community/darkhttpd,main,"Xiaodong Xu"," "
tmate-bin,2.4.0 1,https://github.com/kiss-community/community,community/tmate-bin,main,"git-bruh"," "
emacs,29.1 1,https://github.com/kiss-community/community,community/emacs,main,"Ethan"," "
pass,1.7.4 1,https://github.com/kiss-community/community,community/pass,main,"Rio6"," "
zsh,5.9 1,https://github.com/kiss-community/community,community/zsh,main,"Azriel Akbar Ferry A"," "
libusb,1.0.26 1,https://github.com/kiss-community/community,community/libusb,main,"Wolf Gupta"," "
cmatrix,2.0 1,https://github.com/kiss-community/community,community/cmatrix,main,"Mederim"," "
ruby,3.1.2 1,https://github.com/kiss-community/community,community/ruby,main,"Daniel M. Matongo"," "
libsndfile,1.2.0 1,https://github.com/kiss-community/community,community/libsndfile,main,"git-bruh"," "
file,5.44 1,https://github.com/kiss-community/community,community/file,main,"git-bruh"," "
pciutils,3.10.0 1,https://github.com/kiss-community/community,community/pciutils,main,"git-bruh"," "
totp,0.1 1,https://github.com/kiss-community/community,community/totp,main,"Adrien Gallouët"," "
diskonaut,0.11.0 1,https://github.com/kiss-community/community,community/diskonaut,main,"Xiaodong Xu"," "
apulse,0.1.13 1,https://github.com/kiss-community/community,community/apulse,main,"wael"," "
pqiv,2.12 1 ,https://github.com/kiss-community/community,community/pqiv,main,"Cédric"," "
links,2.29 1,https://github.com/kiss-community/community,community/links,main,"phoebos"," "
libburn,1.5.4 1,https://github.com/kiss-community/community,community/libburn,main,"git-bruh"," "
glow-bin,1.5.1 1,https://github.com/kiss-community/community,community/glow-bin,main,"git-bruh"," "
virglrenderer,0.10.4 1,https://github.com/kiss-community/community,community/virglrenderer,main,"git-bruh"," "
dvtm,0.15 1,https://github.com/kiss-community/community,community/dvtm,main,"unlcorn"," "
hummingbird-git,git 1,https://github.com/kiss-community/community,community/hummingbird-git,main,"aosync"," "
cups,2.4.6 1 ,https://github.com/kiss-community/community,community/cups,main,"Vouivre"," "
zig,0.9.1 1,https://github.com/kiss-community/community,community/zig,main,"tslil clingman"," "
exiftool,12.64 1 ,https://github.com/kiss-community/community,community/exiftool,main,"Vouivre"," "
slides,0.7.3 1,https://github.com/kiss-community/community,community/slides,main,"Xiaodong Xu"," "
encpipe,735db589d80f9bdfc5f2c4d1f95b783f9916e9ab 1,https://github.com/kiss-community/community,community/encpipe,main,"git-bruh"," "
freeglut,3.4.0 1,https://github.com/kiss-community/community,community/freeglut,main,"Rohan"," "
ripgrep,13.0.0 1,https://github.com/kiss-community/community,community/ripgrep,main,"jslick"," "
libyaml,0.2.5 1,https://github.com/kiss-community/community,community/libyaml,main,"огромный"," "
btrfs-progs,6.3.2 1,https://github.com/kiss-community/community,community/btrfs-progs,main,"git-bruh"," "
hexyl,0.10.0 1,https://github.com/kiss-community/community,community/hexyl,main,"Dilyn Corner"," "
libisofs,1.5.4 1,https://github.com/kiss-community/community,community/libisofs,main,"git-bruh"," "
axel,2.17.11 1,https://github.com/kiss-community/community,community/axel,main,"git-bruh"," "
tre,0.8.0 1,https://github.com/kiss-community/community,community/tre,main,"Arthur Williams"," "
mtr,0.95 1,https://github.com/kiss-community/community,community/mtr,main,"Xiaodong Xu"," "
gcompat,1.0.0 1,https://github.com/kiss-community/community,community/gcompat,main,"Zola"," "
bandwhich,0.20.0 1,https://github.com/kiss-community/community,community/bandwhich,main,"Xiaodong Xu"," "
init-hooks,git 1,https://github.com/kiss-community/community,community/init-hooks,main,"illiliti"," "
sysmgr,git 1,https://github.com/kiss-community/community,community/sysmgr,main,"Dilyn Corner"," "
nettle,3.9.1 1,https://github.com/kiss-community/community,community/nettle,main,"hovercats"," "
libdvdcss,1.4.3 1,https://github.com/kiss-community/community,community/libdvdcss,main,"Arthur Williams"," "
kfc,0.1.3 1,https://github.com/kiss-community/community,community/kfc,main,"mcpcpc"," "
shfmt-bin,3.7.0 1,https://github.com/kiss-community/community,community/shfmt-bin,main,"git-bruh"," "
vis,0.8-git 1,https://github.com/kiss-community/community,community/vis,main,"wael"," "
iw,5.19 1,https://github.com/kiss-community/community,community/iw,main,"Owen Rafferty"," "
wl-clipboard,2.1.0 1,https://github.com/kiss-community/community,community/wl-clipboard,main,"Wolf Gupta"," "
swappy,1.5.1 1,https://github.com/kiss-community/community,community/swappy,main,"git-bruh"," "
tinyramfs-git,git 1,https://github.com/kiss-community/community,community/tinyramfs-git,main,"Jason Eslick"," "
htop,3.2.2 1,https://github.com/kiss-community/community,community/htop,main,"git-bruh"," "
entr,5.3 1,https://github.com/kiss-community/community,community/entr,main,"Ethan"," "
elinks,0.16.1 1,https://github.com/kiss-community/community,community/elinks,main,"phoebos"," "
abduco,0.6 1,https://github.com/kiss-community/community,community/abduco,main,"ectlunya"," "
patchelf,0.18.0 1,https://github.com/kiss-community/community,community/patchelf,main,"git-bruh"," "
wev,1.0.0 1,https://github.com/kiss-community/community,community/wev,main,"Zola"," "
gtest,1.13.0 1,https://github.com/kiss-community/community,community/gtest,main,"git-bruh"," "
libxslt,1.1.38 2,https://github.com/kiss-community/community,community/libxslt,main,"hovercats"," "
dogefetch,1.2.4 1,https://github.com/kiss-community/community,community/dogefetch,main,"Ali Burak"," "
runc,1.1.8 1,https://github.com/kiss-community/community,community/runc,main,"git-bruh"," "
globe-cli,0.2.0 1,https://github.com/kiss-community/community,community/globe-cli,main,"Xiaodong Xu"," "
android-tools,34.0.1 1,https://github.com/kiss-community/community,community/android-tools,main,"git-bruh"," "
dash,0.5.12 1,https://github.com/kiss-community/community,community/dash,main,"git-bruh"," "
libseccomp,2.5.4 1,https://github.com/kiss-community/community,community/libseccomp,main,"git-bruh"," "
cloc,1.94 1 ,https://github.com/kiss-community/community,community/cloc,main,"Cats that hovers"," "
fzf,0.42.0 1,https://github.com/kiss-community/community,community/fzf,main,"Vouivre"," "
cmark-gfm,0.29.0.gfm.13 1,https://github.com/kiss-community/community,community/cmark-gfm,main,"git-bruh"," "
s6-rc,0.5.4.1 1,https://github.com/kiss-community/community,community/s6-rc,main,"git-bruh"," "
mosh,1.4.0 1,https://github.com/kiss-community/community,community/mosh,main,"jslick"," "
unzip,6.0 2,https://github.com/kiss-community/community,community/unzip,main,"git-bruh"," "
cava,0.8.3 1,https://github.com/kiss-community/community,community/cava,main,"Rohan"," "
hack,3.003 1 ,https://github.com/kiss-community/community,community/hack,main,"Dylan Araps"," "
bash,5.2.p15 1,https://github.com/kiss-community/community,community/bash,main,"git-bruh"," "
nawk-git,git 1 ,https://github.com/kiss-community/community,community/nawk-git,main,"Owen Rafferty"," "
libvncserver,0.9.13 1,https://github.com/kiss-community/community,community/libvncserver,main,"Michael Czigler"," "
wireguard-tools,1.0.20210914 2,https://github.com/kiss-community/community,community/wireguard-tools,main,"git-bruh"," "
fdm,2.2 1,https://github.com/kiss-community/community,community/fdm,main,"Vouivre"," "
aml,0.3.0 1,https://github.com/kiss-community/community,community/aml,main,"Rohan"," "
lm-sensors,3.6.0 1,https://github.com/kiss-community/community,community/lm-sensors,main,"GullikX"," "
qt5-declarative,5.15.8 3,https://github.com/kiss-community/community,community/qt5-declarative,main,"davidgarland"," "
lsof,4.98.0 1,https://github.com/kiss-community/community,community/lsof,main,"git-bruh"," "
pybind11,2.10.3 1,https://github.com/kiss-community/community,community/pybind11,main,"Rohan"," "
libuv,1.44.2 1,https://github.com/kiss-community/community,community/libuv,main,"git-bruh"," "
flatpak,1.14.4 1,https://github.com/kiss-community/community,community/flatpak,main,"git-bruh"," "
squashfs-tools,4.6.1 1,https://github.com/kiss-community/community,community/squashfs-tools,main,"git-bruh"," "
go-ipfs,0.12.0 1,https://github.com/kiss-community/community,community/go-ipfs,main,"Daniel M. Matongo"," "
brotli,1.0.9 2,https://github.com/kiss-community/community,community/brotli,main,"git-bruh"," "
powertop,2.15 1,https://github.com/kiss-community/community,community/powertop,main,"jslick"," "
libnl,3.7.0 1,https://github.com/kiss-community/community,community/libnl,main,"git-bruh"," "
flac,1.4.3 1,https://github.com/kiss-community/community,community/flac,main,"Owen Rafferty"," "
unbound,1.16.2 1,https://github.com/kiss-community/community,community/unbound,main,"tslil clingman"," "
libedit,20210910-3.1 1,https://github.com/kiss-community/community,community/libedit,main,"git-bruh"," "
ccrypt,1.11 1,https://github.com/kiss-community/community,community/ccrypt,main,"Arthur Williams"," "
sgt-puzzles,20230120 1,https://github.com/kiss-community/community,community/sgt-puzzles,main,"jslick"," "
openjpeg2,2.5.0 1 ,https://github.com/kiss-community/community,community/openjpeg2,main,"hovercats"," "
wlogout,1.1.1 1,https://github.com/kiss-community/community,community/wlogout,main,"Mederim"," "
tmux,3.3a 1,https://github.com/kiss-community/community,community/tmux,main,"Owen Rafferty"," "
oksh,7.3 1,https://github.com/kiss-community/community,community/oksh,main,"Owen Rafferty"," "
gnutls,3.8.0 1,https://github.com/kiss-community/community,community/gnutls,main,"Vouivre"," "
libgcrypt,1.10.2 1,https://github.com/kiss-community/community,community/libgcrypt,main,"git-bruh"," "
jq,1.6 2 ,https://github.com/kiss-community/community,community/jq,main,"Aaron G"," "
kiss-find,2.3 1,https://github.com/kiss-community/community,community/kiss-find,main,"phoebos"," "
fuse2,2.9.9 1,https://github.com/kiss-community/community,community/fuse2,main,"Zola"," "
pv,1.7.0 1,https://github.com/kiss-community/community,community/pv,main,"git-bruh"," "
execline,2.9.3.0 1,https://github.com/kiss-community/community,community/execline,main,"git-bruh"," "
sdl2_net,2.2.0 1,https://github.com/kiss-community/community,community/sdl2_net,main,"tslil clingman"," "
wlr-randr,0.3.0 1,https://github.com/kiss-community/community,community/wlr-randr,main,"Rohan"," "
yajl,2.1.0 1 ,https://github.com/kiss-community/community,community/yajl,main,"Ominitay"," "
libevent,2.1.12 1,https://github.com/kiss-community/community,community/libevent,main,"M. Herdiansyah"," "
tuitube,git 8,https://github.com/kiss-community/community,community/tuitube,main,"djt3"," "
sdl2_mixer,2.6.2 1,https://github.com/kiss-community/community,community/sdl2_mixer,main,"tslil clingman"," "
cryptsetup,2.6.1 1,https://github.com/kiss-community/community,community/cryptsetup,main,"git-bruh"," "
protobuf-c,1.4.1 1,https://github.com/kiss-community/community,community/protobuf-c,main,"git-bruh"," "
bat,0.22.1 1,https://github.com/kiss-community/community,community/bat,main,"jslick"," "
patch,2.7.6 3,https://github.com/kiss-community/community,community/patch,main,"git-bruh"," "
ttyd,1.7.3 1,https://github.com/kiss-community/community,community/ttyd,main,"git-bruh"," "
ubase,git 4 ,https://github.com/kiss-community/community,community/ubase,main,"Dylan Araps"," "
vmwh,git 2,https://github.com/kiss-community/community,community/vmwh,main,"Ben Cornett"," "
jfsutils,1.1.15 1,https://github.com/kiss-community/community,community/jfsutils,main,"tslil clingman"," "
fortune,0.0.1 2,https://github.com/kiss-community/community,community/fortune,main,"Armaan Bhojwani"," "
docker,24.0.5 1,https://github.com/kiss-community/community,community/docker,main,"git-bruh"," "
qt5-svg,5.15.8 3,https://github.com/kiss-community/community,community/qt5-svg,main,"davidgarland"," "
pandoc-bin,3.1.5 1 ,https://github.com/kiss-community/community,community/pandoc-bin,main,"Vouivre"," "
scroll,git 1,https://github.com/kiss-community/community,community/scroll,main,"Michael Czigler"," "
sane,1.2.1 1 ,https://github.com/kiss-community/community,community/sane,main,"Vouivre"," "
dmidecode,3.5 1 ,https://github.com/kiss-community/community,community/dmidecode,main,"Vouivre"," "
libwebsockets,4.3.2 1,https://github.com/kiss-community/community,community/libwebsockets,main,"git-bruh"," "
perl,5.36.1 1,https://github.com/kiss-community/community,community/perl,main,"git-bruh"," "
trash-cli,0.23.2.13.2 2,https://github.com/kiss-community/community,community/trash-cli,main,"Aelspire"," "
retrogram-rtlsdr,git 1,https://github.com/kiss-community/community,community/retrogram-rtlsdr,main,"Michael Czigler"," "
xxd,6b085b9d7367e077ca69f4f82ba0f92cc6b6e443 1,https://github.com/kiss-community/community,community/xxd,main,"git-bruh"," "
bubblewrap,0.8.0 1,https://github.com/kiss-community/community,community/bubblewrap,main,"git-bruh"," "
lua,5.4.6 1,https://github.com/kiss-community/community,community/lua,main,"git-bruh"," "
wordgrinder,0.8 1,https://github.com/kiss-community/community,community/wordgrinder,main,"Mederim"," "
mg,7.0 1,https://github.com/kiss-community/community,community/mg,main,"Xiaodong Xu"," "
go-bootstrap,1.17.13 1,https://github.com/kiss-community/community,community/go-bootstrap,main,"git-bruh"," "
cowsay,3.7.0 1,https://github.com/kiss-community/community,community/cowsay,main,"Rio Liu"," "
gsl,2.7.1 1 ,https://github.com/kiss-community/community,community/gsl,main,"Ethan"," "
FreeImage,3.18.0 1,https://github.com/kiss-community/community,community/FreeImage,main,"Zola"," "
umurmur,0.2.20 2,https://github.com/kiss-community/community,community/umurmur,main,"git-bruh"," "
gron-git,git 1,https://github.com/kiss-community/community,community/gron-git,main,"Xiaodong Xu"," "
yasm,1.3.0 1,https://github.com/kiss-community/community,community/yasm,main,"ilmich"," "
ncdu1,1.18.1 1,https://github.com/kiss-community/community,community/ncdu1,main,"jslick"," "
rtorrent,0.9.8 1,https://github.com/kiss-community/community,community/rtorrent,main,"James Davies"," "
lmdb,0.9.31 1,https://github.com/kiss-community/community,community/lmdb,main,"git-bruh"," "
xmlsec1,1.2.32 4,https://github.com/kiss-community/community,community/xmlsec1,main,"Zola"," "
libxmlb,0.3.11 1,https://github.com/kiss-community/community,community/libxmlb,main,"git-bruh"," "
limine,5.20230709.0 1 ,https://github.com/kiss-community/community,community/limine,main,"Vouivre"," "
spotifyd,0.3.4 1,https://github.com/kiss-community/community,community/spotifyd,main,"Rohan"," "
pystring,1.1.4 1,https://github.com/kiss-community/community,community/pystring,main,"Rohan"," "
libexif,0.6.24 1 ,https://github.com/kiss-community/community,community/libexif,main,"Cédric"," "
iptables,1.8.9 1,https://github.com/kiss-community/community,community/iptables,main,"git-bruh"," "
reptyr,0.10.0 1,https://github.com/kiss-community/community,community/reptyr,main,"git-bruh"," "
automake,1.16.5 1,https://github.com/kiss-community/community,community/automake,main,"git-bruh"," "
libcap,2.69 1,https://github.com/kiss-community/community,community/libcap,main,"git-bruh"," "
yash,2.54 1,https://github.com/kiss-community/community,community/yash,main,"git-bruh"," "
libassuan,2.5.6 1,https://github.com/kiss-community/community,community/libassuan,main,"phoebos"," "
djvulibre,3.5.28 1,https://github.com/kiss-community/community,community/djvulibre,main,"ectlunya"," "
openexr,3.1.5 1,https://github.com/kiss-community/community,community/openexr,main,"Mederim"," "
sc,7.16_1.1.2 1 ,https://github.com/kiss-community/community,community/sc,main,"Xeno-Hypster"," "
delta,0.12.1 1,https://github.com/kiss-community/community,community/delta,main,"Xiaodong Xu"," "
lvm2,2.03.21 1,https://github.com/kiss-community/community,community/lvm2,main,"git-bruh"," "
luajit,2.0.5 3 ,https://github.com/kiss-community/community,community/luajit,main,"Cédric"," "
libjpeg,9e 1,https://github.com/kiss-community/community,community/libjpeg,main,"icebarf"," "
fuse,3.15.0 1,https://github.com/kiss-community/community,community/fuse,main,"Riteo"," "
kmod,30 1,https://github.com/kiss-community/community,community/kmod,main,"git-bruh"," "
dialog,1.3 1,https://github.com/kiss-community/community,community/dialog,main,"wael"," "
ranger,1.9.3 2,https://github.com/kiss-community/community,community/ranger,main,"Dylan Araps"," "
vcsh,2.0.4 1,https://github.com/kiss-community/community,community/vcsh,main,"Rio Liu"," "
sc-im,0.8.3 1 ,https://github.com/kiss-community/community,community/sc-im,main,"Vouivre"," "
libarchive,3.7.0 1,https://github.com/kiss-community/community,community/libarchive,main,"git-bruh"," "
minisign,0.10 1,https://github.com/kiss-community/community,community/minisign,main,"Muhammad Herdiansyah"," "
dejavu-ttf,2.37 1,https://github.com/kiss-community/community,community/dejavu-ttf,main,"Eudald Gubert i Roldan"," "
s6,2.11.3.2 1,https://github.com/kiss-community/community,community/s6,main,"git-bruh"," "
kak-lsp-bin,14.2.0 1,https://github.com/kiss-community/community,community/kak-lsp-bin,main,"git-bruh"," "
github-cli,2.31.0 1,https://github.com/kiss-community/community,community/github-cli,main,"hovercats"," "
zathura-pdf-mupdf,0.4.0 5,https://github.com/kiss-community/community,community/zathura-pdf-mupdf,main,"Owen Rafferty"," "
dragon,1.1.1 1,https://github.com/kiss-community/community,community/dragon,main,"Zola"," "
tree,2.1.1 1,https://github.com/kiss-community/community,community/tree,main,"git-bruh"," "
libpcap,1.10.4 1,https://github.com/kiss-community/community,community/libpcap,main,"git-bruh"," "
mdp,1.0.15 1,https://github.com/kiss-community/community,community/mdp,main,"Mederim"," "
protobuf,21.10 1,https://github.com/kiss-community/community,community/protobuf,main,"jslick"," "
qpdf,11.5.0 1 ,https://github.com/kiss-community/community,community/qpdf,main,"Vouivre"," "
gtar,1.35 1,https://github.com/kiss-community/community,community/gtar,main,"git-bruh"," "
go,1.20.6 1,https://github.com/kiss-community/community,community/go,main,"git-bruh"," "
secret,0.11 2,https://github.com/kiss-community/community,community/secret,main,"Adrien Gallouët"," "
mediainfo,23.07 1,https://github.com/kiss-community/community,community/mediainfo,main,"Vouivre"," "
inih,57 1,https://github.com/kiss-community/community,community/inih,main,"git-bruh"," "
jbig2dec,0.19 1,https://github.com/kiss-community/community,community/jbig2dec,main,"Nihal"," "
ntfs-3g,2022.5.17 1,https://github.com/kiss-community/community,community/ntfs-3g,main,"FriendlyNeighborhoodShane"," "
sinit,1.1 1,https://github.com/kiss-community/community,community/sinit,main,"Owen Rafferty"," "
isync,1.4.4 1,https://github.com/kiss-community/community,community/isync,main,"Nihal Jere"," "
rustup-bin,1.26.0 1,https://github.com/kiss-community/community,community/rustup-bin,main,"git-bruh"," "
iosevka-nerd-fonts,2.1.0 2,https://github.com/kiss-community/community,community/iosevka-nerd-fonts,main,"Dilyn Corner"," "
falkon,git 4,https://github.com/kiss-community/community,community/falkon,main,"Dilyn Corner"," "
nano,6.3 1 ,https://github.com/kiss-community/community,community/nano,main,"Azriel Akbar Ferry A"," "
readline,8.2p001 1,https://github.com/kiss-community/community,community/readline,main,"Aelspire"," "
amfora,1.9.2 1 ,https://github.com/kiss-community/community,community/amfora,main,"aabacchus"," "
ox,0.2.7 1,https://github.com/kiss-community/community,community/ox,main,"Daniel M. Matongo"," "
tiff,4.5.0 1,https://github.com/kiss-community/community,community/tiff,main,"Rohan"," "
cmus,2.10.0 2,https://github.com/kiss-community/community,community/cmus,main,"git-bruh"," "
qt5-webengine,5.15.3 2,https://github.com/kiss-community/community,community/qt5-webengine,main,"Dilyn Corner"," "
docker-buildx,0.11.2 1,https://github.com/kiss-community/community,community/docker-buildx,main,"git-bruh"," "
yt-dlp,2023.07.06 1,https://github.com/kiss-community/community,community/yt-dlp,main,"Owen Rafferty"," "
ostree,2023.5 1,https://github.com/kiss-community/community,community/ostree,main,"git-bruh"," "
iniparser,4.1 1,https://github.com/kiss-community/community,community/iniparser,main,"Mederim"," "
pmount,0.9.23 1,https://github.com/kiss-community/community,community/pmount,main,"Michele Zuccalà"," "
libsodium,1.0.18 1,https://github.com/kiss-community/community,community/libsodium,main,"Muhammad Herdiansyah"," "
icu,73.2 1 ,https://github.com/kiss-community/community,community/icu,main,"hovercats"," "
neatvnc,0.6.0 1,https://github.com/kiss-community/community,community/neatvnc,main,"Rohan"," "
cfm,0.6.6 3,https://github.com/kiss-community/community,community/cfm,main,"Will Eccles"," "
neovim,0.9.1 1,https://github.com/kiss-community/community,community/neovim,main,"phoebos"," "
qemu,8.0.3 1,https://github.com/kiss-community/community,community/qemu,main,"git-bruh"," "
ttf-font-awesome,6.4.0 1,https://github.com/kiss-community/community,community/ttf-font-awesome,main,"git-bruh"," "
liburing,2.4 1,https://github.com/kiss-community/community,community/liburing,main,"git-bruh"," "
offpunk,1.9.2 1,https://github.com/kiss-community/community,community/offpunk,main,"phoebos"," "
sdl2,2.28.1 1,https://github.com/kiss-community/community,community/sdl2,main,"git-bruh"," "
pash,2.3.0 1,https://github.com/kiss-community/community,community/pash,main,"aabacchus"," "
chromium,115.0.5790.110 1,https://github.com/kiss-community/community,community/chromium,main,"Owen Rafferty"," "
syncthing,1.23.6 1,https://github.com/kiss-community/community,community/syncthing,main,"git-bruh"," "
lzo,2.10 1  ,https://github.com/kiss-community/community,community/lzo,main,"mb"," "
chicken,5.3.0 1,https://github.com/kiss-community/community,community/chicken,main,"aabacchus"," "
crosstool-ng,git 1,https://github.com/kiss-community/community,community/crosstool-ng,main,"Dilyn Corner"," "
shellcheck-bin,0.9.0 1,https://github.com/kiss-community/community,community/shellcheck-bin,main,"git-bruh"," "
libxml2,2.11.4 1,https://github.com/kiss-community/community,community/libxml2,main,"git-bruh"," "
libksba,1.6.4 1,https://github.com/kiss-community/community,community/libksba,main,"phoebos"," "
asciinema,2.3.0 1,https://github.com/kiss-community/community,community/asciinema,main,"git-bruh"," "
evtest,1.35 1,https://github.com/kiss-community/community,community/evtest,main,"TAAPArthur"," "
fff,2.2 1,https://github.com/kiss-community/community,community/fff,main,"Dylan Araps"," "
gnu-netcat,0.7.1 1 ,https://github.com/kiss-community/community,community/gnu-netcat,main,"Daniel M. Matongo"," "
openntpd,6.8p1 1 ,https://github.com/kiss-community/community,community/openntpd,main,"Owen Rafferty"," "
bri,20180907 1,https://github.com/kiss-community/community,community/bri,main,"Mederim"," "
npth,1.6 1,https://github.com/kiss-community/community,community/npth,main,"aabacchus"," "
curlpp,0.8.1 1,https://github.com/kiss-community/community,community/curlpp,main,"djt3"," "
python-six,1.16.0 1,https://github.com/kiss-community/community,community/python-six,main,"Aelspire"," "
imagemagick,7.1.1-14 1,https://github.com/kiss-community/community,community/imagemagick,main,"git-bruh"," "
shfm,0.4.2 1 ,https://github.com/kiss-community/community,community/shfm,main,"Dylan Araps"," "
catgirl,2.2 1,https://github.com/kiss-community/community,community/catgirl,main,"phoebos"," "
sbase,git 2,https://github.com/kiss-community/community,community/sbase,main,"Dylan Araps"," "
unrar,6.2.6 1,https://github.com/kiss-community/community,community/unrar,main,"Aelspire"," "
libaio,0.3.113 1 ,https://github.com/kiss-community/community,community/libaio,main,"fluorescent_haze"," "
s6-linux-init,1.1.1.1 1,https://github.com/kiss-community/community,community/s6-linux-init,main,"git-bruh"," "
ctags,5.8 1,https://github.com/kiss-community/community,community/ctags,main,"Arthur Williams"," "
lpeg,1.1.0 1,https://github.com/kiss-community/community,community/lpeg,main,"git-bruh"," "
libev,4.33 1 ,https://github.com/kiss-community/community,community/libev,main,"git-bruh"," "
json-glib,1.6.6 1,https://github.com/kiss-community/community,community/json-glib,main,"Mederim"," "
pfetch,0.6.0 1 ,https://github.com/kiss-community/community,community/pfetch,main,"Owen Rafferty"," "
mawk,1.3.4-20200120 1,https://github.com/kiss-community/community,community/mawk,main,"M. Herdiansyah"," "
libgphoto2,2.5.30 1 ,https://github.com/kiss-community/community,community/libgphoto2,main,"Cédric"," "
gnupg1,1.4.23 2,https://github.com/kiss-community/community,community/gnupg1,main,"git-bruh"," "
viu,1.4.0 1,https://github.com/kiss-community/community,community/viu,main,"Xiaodong Xu"," "
sed-i,0.1 1,https://github.com/kiss-community/community,community/sed-i,main,"Aaron G"," "
gdb,13.2 1,https://github.com/kiss-community/community,community/gdb,main,"Ethan"," "
libportaudio2,19.6.0 1,https://github.com/kiss-community/community,community/libportaudio2,main,"Michael Czigler"," "
libtool,2.4.7 1 ,https://github.com/kiss-community/community,community/libtool,main,"Wolf Gupta"," "
zathura-cb,0.1.10 1,https://github.com/kiss-community/community,community/zathura-cb,main,"Rohan"," "
swayfx,0.2 1,https://github.com/kiss-community/community,community/swayfx,main,"Rohan"," "
